Title,Year,Director,Genre,Watch Date,Watch Status (AB),AB Rating (1-10),Watch Status (DM),DM Rating (1-10)
Tampopo,1985,Jūzō Itami,"Comedy, Ramen Western",07/04/2026,Watched,9.5,Watched,
Oddity,2024,Damian McCarthy,"Horror, Thriller",28/03/2026,Watched,6.5,Watched,
The Watermelon Woman,1996,Cheryl Dunye,"Comedy, Romance, Drama, LGBT+",21/03/2026,Watched,8.5,Watched,
Undertone,2025,Ian Tuason,Horror,20/03/2026,Watched,7.5,Watched,
Videodrome,1983,David Cronenberg,"Body Horror, Sci-Fi",18/03/2026,Watched,8.5,Watched,
"""Wuthering Heights""",2026,Emerald Fennell,"Romance, Drama, Period",18/03/2026,Watched,8,Watched,
The Master,2012,Paul Thomas Anderson,"Drama, Psychological, Period",16/03/2026,Watched,8,Watched,
One Battle After Another ,2025,Paul Thomas Anderson,"Thriller, Comedy, Action",03/03/2026,Watched,7.5,Watched,
The Thing,1982,John Carpenter,"Sci-Fi, Horror",27/02/2026,Watched,9,Watched,
28 Years Later: The Bone Temple,2026,Nia DaCosta,"Horror, Apocalypse/Post-apocalyptic",27/02/2026,Watched,6.5,Watched,
Marty Supreme,2025,Josh Safdie,"Comedy, Drama",14/02/2026,Watched,8,Watched,
Happiness,1998,Todd Solondz,"Black Comedy, Drama",10/02/2026,Watched,3,Watched,
The Long Walk ,2025,Francis Lawrence,"Thriller, Dystopian, Survival",29/01/2026,Watched,4,Watched,
The Mastermind,2025,Kelly Reichardt,"Drama, Heist",31/12/2025,Watched,7.5,Watched,
Saint Maud,2019,Rose Glass,"Psychological, Horror",30/12/2025,Watched,6,Watched,
No Other Choice,2025,Park Chan-wook,"Black Comedy, Thriller",20/12/2025,Watched,7,Watched,
Wake Up Dead Man,2025,Rian Johnson,"Whodunnit, Mystery",18/12/2025,Watched,5.5,Watched,
In the Mood for Love,2000,Wong Kar-wai,"Romance, Drama",08/12/2025,Watched,8,Watched,
How to Shoot a Ghost,2025,Charlie Kaufman,"Romance, Fantasy, Surrealist",04/12/2025,Watched,5,Watched,
Bugonia,2025,Yorgos Lanthimos,"Black Comedy, Thriller",30/11/2025,Watched,8,Watched,
Hard Eight,1996,Paul Thomas Anderson,"Crime, Neo-noir",24/11/2025,Watched,7,Watched,
Secretary,2002,Steven Shainberg,"Erotic, Comedy, Drama",12/11/2025,Watched,8.5,Watched,
M3GAN 2.0,2025,Gerard Johnstone,"Comedy, Sci-Fi, Slasher",11/11/2025,Watched,3,Watched,
Pulse,2001,Kiyoshi Kurosawa,"Horror, Supernatural, Techno-horror",30/10/2025,Watched,8,Watched,
Cemetery Man,1994,Michele Soavi,"Black Comedy, Romance, Gothic, Surrealist",29/10/2025,Watched,7.5,Watched,
Cloud,2024,Kiyoshi Kurosawa,Thriller,15/10/2025,Watched,7,Watched,
Together,2025,"Benoît Delépine, Gustave Kervern","Body Horror, Supernatural",21/09/2025,Watched,7,Watched,
The Celebration,1998,Thomas Vinterberg,Drama,16/09/2025,Watched,10,Watched,
Mile End Kicks,2025,Chandler Levack,"Comedy, Drama",13/09/2025,Watched,8,Watched,
Crimson Peak,2015,Guillermo del Toro,"Gothic, Horror",12/09/2025,Watched,8,Watched,
Frankenstein,2025,Guillermo del Toro,"Gothic, Horror",10/09/2025,Watched,9,Watched,
Harold and Maud,1971,Hal Ashby,"Black Comedy, Romance",07/09/2025,Watched,7.5,Unwatched,
Sentimental Value,2025,Joachim Trier,"Comedy, Drama",05/09/2025,Watched,9.5,Watched,
Sick of Myself,2022,Kristoffer Borgli,Black Comedy,03/09/2025,Watched,7.5,Watched,
The Monkey,2025,Osgood Perkins,"Supernatural, Horror",02/09/2025,Watched,6,Watched,
Wepons,2025,Zach Cregger,"Horror, Supernatural, Thriller",01/09/2025,Watched,7.5,Watched,
The Thursday Murder Club,2025,Chris Columbus,"Crime, Comedy",31/08/2025,Watched,2.5,Watched,
Mysterious Skin,2004,Gregg Araki,"LGBT+, Drama, Coming-of-age",28/08/2025,Watched,9,Unwatched,
28 Years Later,2025,Danny Boyle,"Horror, Apocalypse/Post-apocalyptic",16/08/2025,Watched,7,Watched,
Eddington,2025,Ari Aster,"Western, Satire",31/07/2025,Watched,3,Watched,
Badlands,1973,Terrence Malick,"Road Movie, Crime",26/07/2025,Watched,6.5,Watched,
We're All Going to the World's Fair,2021,Jane Schoenbrun,"Coming-of-age, Horror",23/07/2025,Watched,8,Watched,
When Evil Lurks,2023,Demián Rugna,"Supernatural, Horror",19/07/2025,Watched,8,Watched,
Bring Her Back ,2025,Danny & Michael Philippou,"Horror, Supernatural",19/07/2025,Watched,8,Watched,
Memento,2000,Christopher Nolan,"Neo-noir, Mystery",18/07/2025,Watched,8.5,Unwatched,
Pet Sematary,1989,Mary Lambert,"Horror, Supernatural",05/07/2025,Watched,6.5,Unwatched,
Erin Brockovich,2000,Steven Soderbergh,Drama,29/06/2025,Watched,8,Watched,
28 Days Later,2002,Danny Boyle,"Horror, Apocalypse/Post-apocalyptic",29/06/2025,Watched,7,Watched,
Dogma,1999,Kevin Smith,"Satire, Comedy, Fantasy",09/06/2025,Watched,7.5,Watched,
The Hunger,1993,Tony Scott,"Horror, Gothic, Erotic",06/06/2025,Watched,8,Watched,
Party Girl,1995,Daisy von Scherler Mayer,Comedy,05/06/2025,Watched,7,Watched,
Paddington in Peru,2024,Dougal Wilson,Adventure,05/06/2025,Watched,8,Watched,
Mickey 17,2025,Bong Joon-ho,"Comedy, Sci-Fi",31/05/2025,Watched,7,Watched,
Friendship,2024,Andrew DeYoung,"Comedy, Satire",29/05/2025,Watched,8,Watched,
Blink Twice,2024,Zoë Kravitz,"Psychological, Thriller",27/05/2025,Watched,6.5,Watched,
Shepherds,2024,Sophie Deraspe,Drama,09/05/2025,Watched,7,Watched,
Saturday Night,2024,Jason Reitman,"Comedy, Biopic",19/04/2025,Watched,7,Unwatched,
Heretic,2024,"Scott Beck, Bryan Woods","Psychological, Horror",04/04/2025,Watched,7,Watched,
The Sweet East,2023,Sean Price Williams,"Satire, Drama",03/04/2025,Watched,7.5,Watched,
A Real Pain,2024,Jesse Eisenberg,"Comedy, Drama",28/02/2025,Watched,9,Watched,
Companion,2025,Drew Hancock,"Sci-Fi, Thriller",20/02/2025,Watched,6,Watched,
Days of Heaven,1978,Terrence Malick,"Romance, Drama",12/02/2025,Watched,6,Watched,
Sometimes I Think About Dying,2023,Rachel Lambert,"Comedy, Drama, Surrealist",12/02/2025,Watched,7,Watched,
Presence,2024,Steven Soderbergh,"Psychological, Thriller",03/02/2025,Watched,6.5,Watched,
Cube,1997,Vincenzo Natali,"Sci-Fi, Horror",01/02/2025,Watched,8,Watched,
Adaptation,2002,Spike Jonze,"Comedy, Meta",28/01/2025,Watched,9,Watched,
My Bloody Valentine,1981,George Mihalka,"Horror, Slasher",24/01/2025,Watched,6.5,Watched,
Radio Rebel,2012,Peter Howitt,Comedy,24/01/2025,Watched,1,Unwatched,
Evil Does Not Exist,2023,Ryusuke Hamaguchi,Drama,23/01/2025,Watched,7,Watched,
Nosferatu,2024,Robert Eggers,"Gothic, Horror, Supernatural",08/01/2025,Watched,9,Watched,
Climax,2018,Gaspar Noé,"Music, Horror, Psychological",29/12/2024,Watched,8,Watched,
Queer,2024,Luca Guadagnino,"Drama, LGBT+, Period",21/12/2024,Watched,6.5,Watched,
Beetlejuice,1988,Tim Burton,"Horror, Comedy, Gothic",18/12/2024,Watched,8,Watched,
Anora,2024,Sean Baker,"Comedy, Drama",17/12/2024,Watched,8,Watched,
Cyberbully,2011,Charles Binamé,"Drama, Coming-of-age",11/12/2024,Watched,10,Unwatched,
"Love, Actually",2003,Richard Curtis,"Romance, Comedy",08/12/2024,Watched,2,Watched,
Ju-on: The Grudge,2002,Takashi Shimizu,"Horror, Supernatural",05/12/2024,Watched,9,Watched,
The Wild Robot,2024,Chris Sanders,"Animated, Sci-Fi",02/12/2024,Watched,9,Watched,
Time Cut,2024,Hannah Macpherson,"Sci-Fi, Slasher",06/11/2024,Watched,2,Unwatched,
Terrifier 3,2024,Damien Leone,Slasher,30/10/2024,Watched,6.5,Watched,
The Fog,1980,John Carpenter,"Horror, Supernatural",25/10/2024,Watched,7.5,Watched,
House,1977,Nobuhiko Obayashi,"Horror, Comedy, Experimental",24/10/2024,Watched,10,Watched,
Dark Water,2002,Hideo Nakata,"Supernatural, Horror",23/10/2024,Watched,7,Watched,
Woman of the Hour,2023,Anna Kendrick,"Psychological, Crime, Thriller",21/10/2024,Watched,4.5,Watched,
Cuckoo,2024,Tilman Singer,"Horror, Thriller",21/10/2024,Watched,4,Watched,
The Texas Chainsaw Massacre,1974,Tobe Hooper,"Horror, Slasher",09/10/2024,Watched,8,Watched,
Megalopolis,2024,Francis Ford Coppola,"Sci-Fi, Epic",09/10/2024,Watched,2,Watched,
Creepy,2016,Kiyoshi Kurosawa,"Mystery, Thriller",03/10/2024,Watched,6.5,Watched,
It Ends with Us,2024,Justin Baldoni,"Romance, Drama",01/10/2024,Watched,3,Unwatched,
Only the River Flows,2023,Wei Shujun,Neo-noir,29/09/2024,Watched,7,Watched,
The Substance,2024,Coralie Fargeat,Body Horror,28/09/2024,Watched,9,Watched,
Uglies,2024,McG,"Dystopian, Sci-Fi",15/09/2024,Watched,2,Unwatched,
The Life of Chuck,2024,Mike Flanagan,Drama,13/09/2024,Watched,9.5,Watched,
Good Time,2017,Josh & Benny Safdie,"Crime, Thriller",05/09/2024,Watched,8,Watched,
Wild at Heart,1990,David Lynch,"Neo-noir, Road Movie",28/08/2024,Watched,7,Watched,
Challenger,2024,Luca Guadagnino,Drama,27/08/2024,Watched,8,Watched,
Immaculate,2024,Michael Mohan,"Psychological, Horror, Supernatural",21/08/2024,Watched,6,Watched,
Alien: Romulus,2024,Fede Álvarez,"Sci-Fi, Horror",21/08/2024,Watched,8,Watched,
Perfect Days,2023,Wim Wenders,Drama,19/08/2024,Watched,9,Watched,
Bottle Rocket,1996,Wes Anderson,"Comedy, Crime",15/08/2024,Watched,5,Watched,
Aliens,1986,James Cameron,"Sci-Fi, Action",14/08/2024,Watched,7,Watched,
Pecker,1998,John Waters,"Comedy, LGBT+",12/08/2024,Watched,6,Watched,
Alien,1979,Ridley Scott,"Horror, Sci-Fi",10/08/2024,Watched,8.5,Watched,
An American Werewolf in London,1981,John Landis,"Horror, Comedy",10/08/2024,Watched,7,Watched,
Beau Travail,1999,Claire Denis,Drama,10/08/2024,Watched,8,Watched,
MaXXXine,2024,Ti West,Slasher,09/08/2024,Watched,6.5,Watched,
"Paris, Texas",1984,Wim Wenders,"Road Movie, Drama, Indie",05/08/2024,Watched,9.5,Watched,
I Still Know What You Did Last Summer,1998,Danny Cannon,Slasher,05/08/2024,Watched,4,Watched,
I Know What You Did Last Summer,1997,Jim Gillespie,Slasher,04/08/2024,Watched,6.5,Watched,
Airplane!,1980,"David Zucker, Jim Abrahams, Jerry Zucker","Comedy, Drama",29/07/2024,Watched,9,Watched,
Ginger Snaps,2000,John Fawcett,"Horror, Supernatural, Fantasy",28/07/2024,Watched,9,Watched,
Fargo,1996,Joel & Ethan Coen,"Black Comedy, Crime",24/07/2024,Watched,9.5,Watched,
Longlegs,2024,Osgood Perkins,"Supernatural, Horror, Thriller",19/07/2024,Watched,6.5,Watched,
The Vanishing,1988,George Sluizer,"Thriller, Psychological",18/07/2024,Watched,7.5,Watched,
Skinamarink,2022,Kyle Edward Ball,"Horror, Suspence",18/07/2024,Watched,1,Watched,
Jaws,1975,Steven Spielberg,Thriller,13/07/2024,Watched,8.5,Unwatched,
Dealth Becomes Her,1992,Robert Zemeckis,"Black Comedy, Fantasy, Surrealist",12/07/2024,Watched,8,Unwatched,
Nowhere,1997,Gregg Araki,"Black Comedy, LGBT+",12/07/2024,Watched,9,Unwatched,
Posession,1981,Andrzej Żuławski,"Horror, Psychological",06/07/2024,Watched,9,Watched,
Pearl,2022,Ti West,"Horror, Slasher, Psychological",05/07/2024,Watched,6.5,Watched,
X,2022,Ti West,Slasher,05/07/2024,Watched,7,Watched,
Exhuma ,2024,Jang Jae-hyun,"Supernatural, Horror",30/06/2024,Watched,7,Watched,
But I'm a Cheerleader,1999,Jamie Babbit,"Comedy, LGBT+, Satire",29/06/2024,Watched,9,Unwatched,
Kinds of Kindness,2024,Yorgos Lanthimos,Black Comedy,27/06/2024,Watched,8,Watched,
I Use to Be Funny,2023,Ally Pankiw,Comedy,25/06/2024,Watched,6.5,Watched,
After Hours,1985,Martin Scorsese,"Surrealist, Neo-noir, Black Comedy",19/06/2024,Watched,9.5,Unwatched,
Late Night with the Devil,2023,Cameron & Colin Cairnes,"Horror, Supernatural",15/06/2024,Watched,6,Watched,
I Saw the TV Glow,2024,Jane Schoenbrun,"Horror, Drama, LGBT+",08/06/2024,Watched,9,Watched,
Mean Girls ,2024,"Samantha Jayne, Arturo Perez Jr.","Music, Comedy",04/06/2024,Watched,5,Unwatched,
Lisa Frankenstein,2024,Zelda Williams,"Comedy, Horror",03/06/2024,Watched,6,Unwatched,
Decision to Leave,2022,Park Chan-wook,"Mystery, Romance, Thriller",31/05/2024,Watched,9,Watched,
Past Lives,2023,Celine Song,"Drama, Romance",31/05/2024,Watched,8.5,Watched,
Battle Royal ,2000,Kinji Fukasaku,"Action, Thriller",30/05/2024,Watched,7,Watched,
Godzilla Minus One,2023,Takashi Yamazaki,"Kaiju, Sci-Fi, Action",29/05/2024,Watched,9,Watched,
The Idea of You,2024,Michael Showalter,"Romance, Comedy",01/05/2024,Watched,7,Unwatched,
Anyone But You,2023,Will Gluck,"Romance, Comedy",28/04/2024,Watched,1,Watched,
Love Lies Bleeding,2024,Rose Glass,"Romance, Thriller",18/04/2024,Watched,7.5,Watched,
Madame Web,2024,S.J. Clarkson,"Action, Comedy",14/04/2024,Watched,10,Watched,
Turtles All the Way Down,2024,Hannah Marks,"Drama, Romance",09/04/2024,Watched,7,Watched,
Drive My Car ,2021,Ryusuke Hamaguchi,Drama,12/03/2024,Watched,9,Watched,
Dune: Part 2,2024,Denis Villeneuve,"Sci-Fi, Adventure, Space Opera",08/03/2024,Watched,7.5,Watched,
Worst Person in the World,2021,Joachim Trier,"Romance, Comedy, Drama",08/03/2024,Watched,7.5,Watched,
Poor Things,2023,Yorgos Lanthimos,"Black Comedy, Steampunk",03/03/2024,Watched,6.5,Watched,
"Synecdoche, New York",2008,Charlie Kaufman,"Psychological, Drama, Meta",27/02/2024,Watched,9,Watched,
Fallen Angels,1995,Wong Kar-wai,"Crime, Romance, Drama",20/02/2024,Watched,8.5,Watched,
Dreams,1990,Akira Kurosawa,"Fantasy, Anthology",16/02/2024,Watched,9,Watched,9
Twilight Saga: New Moon,2009,Chris Weitz,"Fantasy, Romance",09/02/2024,Watched,10,Watched,
American Fiction,2023,Cord Jefferson,"Satire, Comedy, Drama",08/02/2024,Watched,7,Watched,
Fallen Leaves,2023,Aki Kaurismäki,"Romance, Comedy",06/02/2024,Watched,7.5,Watched,
Society of the Snow,2023,J.A. Bayona,"Drama, Survival",29/01/2024,Watched,6.5,Watched,
A Charlie Brown Christmas,1965,Bill Melendez,Animated,27/01/2024,Watched,9.5,Watched,
Barbie,2023,Greta Gerwig,"Fantasy, Comedy",24/01/2024,Watched,6.5,Watched,
Dumb Money,2023,Craig Gillespie,"Comedy, Biopic",24/01/2024,Watched,9,Watched,
May December ,2023,Todd Haynes,Drama,20/01/2024,Watched,6.5,Watched,
Chungking Express,1994,Wong Kar-wai,"Romance, Comedy, Drama",16/01/2024,Watched,8.5,Watched,
The Curse (TV),2023,"Nathan Fielder, Benny Safdie","Drama, Black Comedy, Satire",14/01/2024,Watched,10,Watched,
Aftersun,2022,Charlotte Wells,Drama,08/01/2024,Watched,7,Watched,
The Killing of a Sacred Deer,2017,Yorgos Lanthimos,"Psychological, Thriller, Horror",07/01/2024,Watched,4.5,Watched,
The Boy and the Heron,2023,Hayao Miyazaki,"Fantasy, Animated",03/01/2024,Watched,8.5,Watched,
The Holdovers,2023,Alexander Payne,"Drama, Comedy",26/12/2023,Watched,8.5,Watched,
Dream Scenario,2023,Kristoffer Borgli,"Black Comedy, Fantasy",15/12/2023,Watched,8,Watched,
Call Me By Your Name,2017,Luca Guadagnino,"Drama, Romance",15/11/2023,Watched,7.5,Watched,7
Minari,2020,Lee Isaac Chung,Drama,15/11/2023,Watched,10,Watched,
Anatomy of a Fall,2023,Justine Triet,"Thriller, Drama, Legal",04/11/2023,Watched,8.5,Watched,
Oldboy,2003,Park Chan-wook,"Action, Thriller",30/10/2023,Watched,9.5,Watched,
Goodnight Mommy,2014,"Severin Fiala, Veronika Franz","Psychological, Horror",23/10/2023,Watched,7,Watched,
All Hallows' Eve,2013,Damien Leone,"Horror, Anthology",21/10/2023,Watched,6,Watched,
Humanist Vampire Seeking Consenting Suicidal Person,2023,Emma Seligman,"Horror, Comedy",17/10/2023,Watched,9,Watched,
Eileen,2023,William Oldroyd,"Thriller, Psychological",14/10/2023,Watched,5.5,Watched,
Akira,1988,Katsuhiro Otomo,"Cyberpunk, Anime",07/10/2023,Watched,7,Watched,7
The Handmaiden,2016,Park Chan-wook,"Thriller, Romance",07/10/2023,Watched,8,Watched,
Bottoms ,2023,Emma Seligman,Comedy,05/10/2023,Watched,6.5,Watched,
Terrifier 2,2022,Damien Leone,Slasher,30/09/2023,Watched,7,Watched,
Blackberry,2023,Matthew Johnson,"Comedy, Biopic",21/09/2023,Watched,9,Watched,
Starship Trooper,1997,Paul Verhoeven,"Sci-Fi, Action, Satire",20/09/2023,Watched,8,Watched,
Malignant,2021,James Wan,"Horror, Thriller, Supernatural",16/09/2023,Watched,10,Watched,
Mimang,2023,Kim Tae-yang,Drama,15/09/2023,Watched,6,Watched,
Boy Kills World,2023,Moritz Mohr,"Action, Thriller, Comedy",11/09/2023,Watched,6.5,Watched,
Hell of a Summer,2023,"Finn Wolfhard, Billy Bryk","Horror, Comedy, Slasher",11/09/2023,Watched,7,Watched,
Saltburn,2023,Emerald Fennell,"Thriller, Comedy",11/08/2023,Watched,7,Watched,
Sorry to Bother You,2018,Boots Riley,"Black Comedy, Sci-Fi",03/07/2023,Watched,8,Watched,
Fantastic Mr. Fox,2009,Wes Anderson,"Comedy, Animated",29/06/2023,Watched,10,Watched,
Banshees of Inisherin ,2022,Martin McDonagh,"Comedy, Drama",18/01/2023,Watched,10,Watched,
Twin Peaks: Fire Walk With Me,1992,David Lynch,"Horror, Crime",29/07/2022,Watched,10,Watched,
Inside Llewyn Davis,2013,Joel & Ethan Coen,"Drama, Music",29/08/2026,Unwatched,,Watched,
Being John Malkovich,1999,Spike Jonze,"Fantasy, Comedy",10/08/2026,Unwatched,,Watched,8
Universal Language,2024,Matthew Rankin,"Comedy, Drama",19/07/2026,Unwatched,,Watched,9
The Spongebob Squarepants Movie: Search for SquarePants,2025,Derek Drymon,"Comedy, Animated",22/02/2026,Unwatched,,Watched,1
Hard Boiled,1992,John Woo,"Action, Crime",26/10/2025,Unwatched,,Watched,
Nickel Boys,2024,RaMell Ross,"Drama, Historical",25/04/2025,Unwatched,,Watched,9
Lost in Translation,2003,Sofia Coppola,"Drama, Romance, Comedy",05/04/2025,Unwatched,,Watched,6
Garden State,2004,Zach Braff,"Comedy, Drama",05/04/2025,Unwatched,,Watched,3
A Complete Unknown,2025,James Mangold,"Drama, Biopic",05/04/2025,Unwatched,,Watched,6
Rap World,2024,Connor O'Malley,Comedy,21/01/2025,Unwatched,,Watched,
Blind Beast,1969,Yasuzō Masumura,"Horror, Erotic, Drama",22/10/2024,Unwatched,,Watched,
Tokyo Story,1953,Yasujirō Ozu,Drama,01/08/2024,Unwatched,,Watched,
Punch Drunk Love,2002,Paul Thomas Anderson,"Romance, Drama, Comedy",07/07/2024,Unwatched,,Watched,
Anomalisa ,2015,Charlie Kaufman,"Romance, Comedy, Drama, Psychological, Animated",26/03/2024,Unwatched,,Watched,
Neon Genesis Evangelion: The End of Evangelion,1997,"Hideaki Anno, Kazuya Tsurumaki","Anime, Sci-Fi",08/03/2024,Unwatched,,Watched,
Hard to be a God,2013,Aleksei German,"Sci-Fi, Drama",14/01/2024,Unwatched,,Watched,
Pride & Prejudice,2005,Joe Wright,"Romance, Period, Drama",13/01/2024,Unwatched,,Watched,
Oppenheimer,2023,Christopher Nolan,"Drama, Biopic",19/06/2023,Unwatched,,Watched,
Rosemary's Baby,1968,Roman Polanski,"Psychological, Horror",,Unwatched,,Unwatched,
The Front Room,2024,Max Eggers & Sam Eggers,"Psychological, Horror, Thriller",,Unwatched,,Unwatched,
Exit 8,2025,Genki Kawamura,"Psychological, Horror",,Unwatched,,Unwatched,
Cramps! A Period Piece ,2025,Brooke H. Cellars,"Fantasy, Horror, Comedy",,Unwatched,,Unwatched,
The Bride!,2026,Maggie Gyllenhaal,"Sci-Fi, Romance, Gothic",,Unwatched,,Unwatched,
Meshes of the Afternoon,1943,"Maya Deren, Alexander Hammid","Mystery, Fantasy",,Unwatched,,Unwatched,
Rear Window,1954,Alfred Hitchcokc,"Mystery, Thriller",,Unwatched,,Unwatched,
Le Bonheur,1965,Agnes Varda,"Drama, Romance",,Unwatched,,Unwatched,
PlayTime ,1967,Jacques Tati,Comedy,,Unwatched,,Unwatched,
Lady Snowblood,1973,Toshiya Fujita,"Crime, Drama, Action",,Unwatched,,Unwatched,
Nashville,1975,Robert Altman,"Drama, Comedy, Music",,Unwatched,,Unwatched,
The Appointment ,1981,Lindsey C. Vickers,Horror,,Unwatched,,Unwatched,
Taipei Story,1985,Edward Yang,Drama,,Unwatched,,Unwatched,
The Cat,1992,Lam Nai-Choi,"Sci-Fi, Horror, Action",,Unwatched,,Unwatched,
Totally F**ed Up,1993,Gregg Araki,"Romance, Drama, Comedy, LGBT+",,Unwatched,,Unwatched,
Welcome to the Dollhouse,1995,Todd Solondz,"Comedy, Drama",,Unwatched,,Unwatched,
The Audition ,1999,Takashi Miike,"Horror, Mystery",,Unwatched,,Unwatched,
Ichi the Killer,2001,Takashi Miike,"Horror, Crime, Action",,Unwatched,,Unwatched,
One Missed Call,2003,Takashi Miike,"Supernatural, Horror, Mystery",,Unwatched,,Unwatched,
Smiley Face,2007,Gregg Araki,Comedy,,Unwatched,,Unwatched,
Lake Mungo,2008,Joel Anderson,"Thriller, Horror, Supernatural",,Unwatched,,Unwatched,
Let the Right One In,2008,Tomas Alfredson,"Horror, Romance",,Unwatched,,Unwatched,
Thirst,2009,Park Chan-wook,"Horror, Drama, Vampire",,Unwatched,,Unwatched,
Nebraska ,2013,Alexander Payne,"Adventure, Drama",,Unwatched,,Unwatched,
The Wailing,2016,Na Hong-jin,"Horror, Mystery",,Unwatched,,Unwatched,
The Love Witch,2016,Anna Biller,"Romance, Horror, Comedy",,Unwatched,,Unwatched,
Roma,2018,Alfonso Cuaron,Drama,,Unwatched,,Unwatched,
Under the Silver Lake,2018,David Robert Mitchell,"Mystery, Crime, Drama",,Unwatched,,Unwatched,
Only the Animals ,2019,Dominik Moll,"Drama, Crime",,Unwatched,,Unwatched,
Nightmare Alley,2021,Guillermo del Toro,"Drama, Crime, Thriller",,Unwatched,,Unwatched,
Leave the World Behind,2023,Sam Esmail,"Thriller, Apocalypse/Post-apocalyptic",,Unwatched,,Unwatched,
Never Let Go,2024,Alexandre Aja,"Survival, Horror, Suspence",,Unwatched,,Unwatched,
Chime,2024,Kiyoshi Kurosawa,"Thriller, Horror",,Unwatched,,Unwatched,
Frewaka,2024,Aislinn Clarke,"Drama, Horror, Fantasy, Supernatural",,Unwatched,,Unwatched,
Angela,1995,Rebecca Miller,"Drama, Indie",,Unwatched,,Unwatched,
Rabbit Trap,2025,Bryn Chainey,"Fantasy, Horror, Thriller, Mystery, Folk",,Unwatched,,Unwatched,
Ikiru,1952,Akira Kurosawa,Drama,,Unwatched,,Unwatched,
Cure,1997,Kiyoshi Kurosawa,"Mystery, Crime, Thriller, Horror",,Unwatched,,Unwatched,
Lucky,2017,John Carroll Lynch,"Comedy, Drama",,Unwatched,,Unwatched,
The Straight Story,1999,David Lynch,"Drama, Road Movie",,Unwatched,,Unwatched,
Ms. 45,1981,Abel Ferrara,"Crime, Thriller, Action, Revenge",,Unwatched,,Unwatched,
Vertigo,1958,Alfred Hitchcock,"Psychological, Thriller, Mystery, Noir",,Unwatched,,Unwatched,
Basketball Diaries ,1995,Scott Kalvert,"Crime, Drama, Noir",,Unwatched,,Unwatched,
Crimes of the Future ,2022,David Cronenberg,"Sci-Fi, Body Horror, Drama",,Unwatched,,Unwatched,
High and Low ,1963,Akira Kurosawa,"Crime, Noir",,Unwatched,,Unwatched,
The Lair of the White Worm,1988,Ken Russell,"Comedy, Horror, Supernatural",,Unwatched,,Unwatched,
Janet Planet ,2023,Annie Baker,"Coming-of-age, Drama",,Unwatched,,Unwatched,
Perfect Blue,1997,Satoshi Kon,"Anime, Horror, Psychological, Thriller",,Unwatched,,Unwatched,
Paprika ,2006,Satoshi Kon,"Sci-Fi, Psychological, Thriller, Anime",,Unwatched,,Unwatched,
"Oslo, August 31st ",2011,Joachim Trier,Drama,,Unwatched,,Unwatched,
The Wicker Man,1973,Robin Hardy,"Mystery, Music, Folk, Horror",,Unwatched,,Unwatched,
Sideways,2004,Alexander Payne,"Comedy, Romance, Drama",,Unwatched,,Unwatched,
Being Natural ,2017,Tadashi Nagayama,"Drama, Comedy",,Unwatched,,Unwatched,
Mystery Train,1989,Jim Jarmusch,"Anthology, Comedy, Crime",,Unwatched,,Unwatched,
Landscape in the Mist,1988,Theo Angelopoulos,"Drama, Road Movie",,Unwatched,,Unwatched,
Columbus,2017,Kogonada,Drama,,Unwatched,,Unwatched,
Ritual,2000,Hideaki Anno,Drama,,Unwatched,,Unwatched,
11 x 14,1977,James Benning,Experimental,,Unwatched,,Unwatched,
Yi Yi,2000,Edward Yang,Drama,,Unwatched,,Unwatched,
Close Encounters of the Third Kind,1977,Steven Spielberg,"Sci-Fi, Adventure",,Unwatched,,Unwatched,
The Drama,2026,Kristoffer Borgli,"Romance, Drama",,Unwatched,,Unwatched,
"Jeanne Dielman, 23, quai du Commerce, 1080 Bruxelles",1975,Chantal Akerman,Drama,,Unwatched,,Unwatched,
Invasion of the Body Snatchers,1978,Philip Kaufman,Sci-Fi,,Unwatched,,Unwatched,
Saccharine,2026,Natalie Erika James,Horror,,Unwatched,,Unwatched,
Apartment 7A,2024,Natalie Erika James,"Horror, Thriller",,Unwatched,,Unwatched,
The Fly,1986,David Cronenberg,"Sci-Fi, Horror",,Unwatched,,Unwatched,
Crash,1996,David Cronenberg,"Thriller, Erotic, Drama",,Unwatched,,Unwatched,
Scanners,1981,David Cronenberg,"Sci-Fi, Thriller, Body Horror",,Unwatched,,Unwatched,
Terrified,2017,Demián Rugna,"Supernatural, Horror",,Unwatched,,Unwatched,
MadS,2024,David Moreau,"Horror, Psychadelic, Infection",,Unwatched,,Unwatched,
Shelby Oaks,2024,Chris Stuckmann,"Horror, Supernatural",,Unwatched,,Unwatched,
Obsession,2025,Curry Barker,Horror,,Unwatched,,Unwatched,
Gummo,1997,Harmony Korine,"Comedy, Drama",,Unwatched,,Unwatched,
Naked,1993,Mike Leigh,"Comedy, Drama",,Unwatched,,Unwatched,
Werewulf,2026,Robert Eggers,"Horror, Gothic",,Unreleased,,Unreleased,
Teenage Sex and Death at Camp Miasma,2026,Jane Schoenbrun,"Slasher, LGBT+",,Unreleased,,Unreleased,
The Backrooms,2026,Kane Parsons,"Sci-Fi, Horror",,Unreleased,,Unreleased,
The Wolf Will Tear Your Immaculate Hands,2026,Nathalie Álvarez Mesén,"Horror, Gothic",,Unreleased,,Unreleased,
Godzilla Minus Zero,2026,Takashi Yamazaki,"Sci-Fi, Kaiju",,Unreleased,,Unreleased,
Bucking Fastard,2026,Werner Herzog,Drama,,Unreleased,,Unreleased,
Evil Dead Burn,2026,Sébastien Vaniček,Supernatural,,Unreleased,,Unreleased,
Flowervale Street,2026,David Robert Mitchell,Sci-Fi,,Unreleased,,Unreleased,
Lee Cronin's The Mummy,2026,Lee Cronin,"Horror, Mystery",,Unreleased,,Unreleased,
Faces of Death,2026,Daniel Goldhaber ,"Thriller, Horror",,Unreleased,,Unreleased,
The Young People,2026,Osgood Perkins,Horror,,Unreleased,,Unreleased,
Hokum,2026,Damian McCarthy,"Horror, Mystery",,Unreleased,,Unreleased,
The End of Oak Street,2026,David Robert Mitchell,"Mystery, Thriller, Sci-Fi",,Unreleased,,Unreleased,
I Want Your Sex,2026,Gregg Araki,"Drama, Comedy",,Unreleased,,Unreleased,
Brides,TBD,Chloe Okuno,Gothic,,Unreleased,,Unreleased,
Claire,TBD,Tracy Kleeman,"Horror, Thriller",,Unreleased,,Unreleased,
Epilogue,TBD,Michael Fimognari,Zombie,,Unreleased,,Unreleased,
Hope,TBD,Na Hong-jin,"Sci-Fi, Thriller",,Unreleased,,Unreleased,
October,TBD,Jeremy Saulnier,"Action, Thriller",,Unreleased,,Unreleased,
Onslaught,TBD,Adam Wingard,"Action, Thriller",,Unreleased,,Unreleased,
Pendulum,TBD,Darren Aronofsky,"Psychological, Thriller",,Unreleased,,Unreleased,
The Bell Jar,TBD,Sarah Polley,Drama,,Unreleased,,Unreleased,
The Mist,TBD,Mike Flanagan,"Sci-Fi, Horror",,Unreleased,,Unreleased,
Deep Cuts,TBD,Sean Durkin,"Drama, Music",,Unreleased,,Unreleased,
Klara and the Sun,TBD,Taika Waititi,"Sci-Fi, Drama",,Unreleased,,Unreleased,
A Christmas Carol,TBD,Robert Eggers,"Gothic, Drama, Fantasy",,Unreleased,,Unreleased,
Artificial ,TBD,Luca Guadagnino,"Comedy, Drama",,Unreleased,,Unreleased,
Good Sex,TBD,Lena Dunham,"Comedy, Romance",,Unreleased,,Unreleased,
They Follow,TBD,David Robert Mitchell,"Horror, Supernatural, Mystery",,Unreleased,,Unreleased,
Primetime,TBD,Lance Oppenheim,"Thriller, Crime, Drama",,Unreleased,,Unreleased,
Checkmate,TBD,Nathan Fielder,"Drama, Biopic",,Unreleased,,Unreleased,
Untitled The Exorcist Film,TBD,Mike Flanagan,"Horror, Supernatural",,Unreleased,,Unreleased,
Strange Darling ,2023,JT Mollner,Thriller,12/07/2025,DNF,0,Unwatched,